customer_id,first_name,last_name,date_of_birth,gender,region,account_open_date
1,Gabrielle,Green,1987-10-17,Female,Nakuru,2021-03-14
2,Joseph,Maxwell,1986-11-21,Male,Eldoret,2021-12-19
3,Patricia,Smith,1981-11-09,Female,Nyeri,2019-03-10
4,Jessica,Wong,1988-03-16,Female,Eldoret,2023-11-22
5,Christopher,Cooper,1983-01-09,Male,Mombasa,2020-10-20
6,Stephanie,Ellis,1964-04-18,Female,Kisumu,2021-06-26
7,Brittany,Johnson,1992-07-21,Female,Eldoret,2022-07-29
8,Kurt,Scott,1980-12-02,Male,Eldoret,2019-03-16
9,Matthew,Miller,1971-06-06,Male,Mombasa,2023-05-24
10,James,Bennett,1991-09-14,Male,Eldoret,2023-01-02
11,Robert,Ayala,1970-08-12,Male,Nyeri,2020-11-10
12,Brittany,Acevedo,1967-02-02,Female,Mombasa,2023-02-02
13,Jeremy,Newman,1971-03-14,Male,Mombasa,2023-11-22
14,Tara,Mcmillan,1977-08-22,Female,Nyeri,2022-07-18
15,Jamie,Sanford,1984-01-17,Female,Kisumu,2021-06-30
16,Michael,Morris,2000-04-14,Male,Eldoret,2018-06-02
17,Nicholas,Hutchinson,1974-09-11,Male,Eldoret,2022-02-27
18,Miranda,Nelson,1976-09-29,Female,Mombasa,2023-12-16
19,Manuel,Smith,1983-01-07,Male,Mombasa,2019-03-07
20,Joseph,Page,1973-12-09,Male,Mombasa,2018-04-09
21,Cynthia,Moore,1980-01-02,Female,Nyeri,2020-05-16
22,Marissa,Flowers,2004-09-08,Female,Mombasa,2019-12-25
23,Patricia,Roberson,1980-01-18,Female,Nakuru,2023-01-08
24,Timothy,Ewing,1964-06-08,Male,Nairobi,2023-09-13
25,Matthew,Watson,1996-10-21,Male,Eldoret,2019-05-14
26,Timothy,Sherman,2004-02-23,Male,Eldoret,2021-12-25
27,Michael,Patterson,2003-07-21,Male,Nyeri,2019-12-17
28,Mary,Coleman,1994-11-21,Female,Nakuru,2023-01-02
29,Marcus,Johnson,1966-09-14,Male,Nyeri,2021-12-01
30,Marilyn,Kennedy,1991-04-08,Female,Kisumu,2021-11-12
31,Caroline,Tucker,1997-03-17,Female,Nyeri,2023-03-10
32,Laura,Martinez,1985-07-27,Female,Nakuru,2021-05-25
33,Kimberly,Watson,1970-01-29,Female,Eldoret,2021-09-12
34,Angel,Jackson,2006-10-27,Female,Kisumu,2022-10-04
35,Jordan,Salas,1977-02-19,Female,Nakuru,2021-04-26
36,Lee,Acevedo,1991-02-01,Male,Nairobi,2020-05-05
37,Jennifer,Malone,1973-06-12,Female,Mombasa,2023-04-25
38,Megan,Gilbert,1981-10-17,Female,Nairobi,2018-05-31
39,Larry,Walters,1973-04-05,Male,Kisumu,2018-05-28
40,Veronica,Adkins,1985-07-31,Female,Nakuru,2022-09-03
41,Susan,Wilkinson,1962-03-27,Female,Eldoret,2023-09-20
42,David,Guzman,1961-04-25,Male,Mombasa,2020-07-17
43,Tom,Campbell,1981-10-05,Male,Nyeri,2018-05-22
44,Xavier,Raymond,1970-06-15,Male,Mombasa,2020-05-24
45,Alexander,Mills,1978-12-24,Male,Eldoret,2018-02-17
46,Julie,Hardy,1996-06-17,Female,Nakuru,2023-02-19
47,Christopher,Davis,2003-11-01,Male,Eldoret,2018-03-20
48,Taylor,Hernandez,1971-04-13,Female,Mombasa,2020-07-22
49,Leon,Robinson,1975-05-18,Male,Mombasa,2021-03-09
50,William,Tran,1997-01-29,Male,Mombasa,2018-06-08
51,Morgan,Beasley,1970-07-22,Female,Nyeri,2022-03-23
52,Seth,Freeman,1968-06-22,Male,Mombasa,2020-04-17
53,Edward,Walters,2003-02-23,Male,Eldoret,2019-05-26
54,Jennifer,Hawkins,2003-05-14,Female,Kisumu,2023-02-23
55,Christina,Smith,1998-08-20,Female,Eldoret,2018-03-08
56,James,Sanford,1962-03-25,Male,Nairobi,2022-01-05
57,Taylor,Craig,1989-03-01,Female,Mombasa,2023-02-04
58,Lisa,White,1966-08-25,Female,Nairobi,2018-07-14
59,John,Carroll,1996-08-27,Male,Eldoret,2018-05-28
60,Alan,Martin,1987-05-07,Male,Nyeri,2020-10-18
61,Jessica,Obrien,1986-04-12,Female,Mombasa,2018-11-29
62,Matthew,Harvey,1961-10-11,Male,Eldoret,2022-02-07
63,Mark,Mckinney,1977-03-06,Male,Eldoret,2018-02-25
64,Matthew,Hopkins,2001-04-20,Male,Nakuru,2020-10-29
65,Mark,Dudley,1991-09-19,Male,Nyeri,2021-01-20
66,Sarah,Owens,2007-05-17,Female,Eldoret,2019-02-23
67,Taylor,Hodges,2007-07-05,Female,Eldoret,2018-05-22
68,Gary,Robinson,1995-06-26,Male,Eldoret,2022-02-25
69,Stacey,Patel,1997-02-12,Female,Nairobi,2023-01-07
70,Matthew,Young,1975-01-19,Male,Mombasa,2021-06-22
71,Shane,Harris,1974-06-10,Male,Mombasa,2020-11-29
72,Alec,Stewart,1988-07-12,Male,Nairobi,2018-08-21
73,Alicia,Martin,1999-06-13,Female,Kisumu,2022-08-13
74,Michael,Bennett,1974-08-17,Male,Eldoret,2018-09-15
75,Roger,Spears,1995-01-28,Male,Kisumu,2022-07-20
76,Erica,Frazier,1964-07-08,Female,Nakuru,2021-04-01
77,Stephanie,Ware,2005-10-31,Female,Mombasa,2019-08-24
78,Joshua,Wilson,1993-11-30,Male,Eldoret,2021-04-17
79,Vincent,Byrd,1978-02-01,Male,Kisumu,2022-11-20
80,Richard,Richards,1982-01-13,Male,Nyeri,2020-08-04
81,Michael,King,1996-03-07,Male,Mombasa,2022-06-03
82,Justin,Martin,1979-09-23,Male,Nairobi,2023-06-27
83,Daniel,Hernandez,1982-03-11,Male,Nyeri,2019-02-20
84,Daniel,Gonzales,1972-05-20,Male,Kisumu,2022-04-11
85,Suzanne,Ortega,1976-07-31,Female,Nakuru,2019-05-28
86,Michael,Rodriguez,1990-04-08,Male,Nakuru,2022-12-28
87,Aaron,Ferguson,2001-08-08,Male,Kisumu,2022-05-17
88,Ashley,Fox,1964-08-24,Female,Nairobi,2019-12-30
89,Amber,Deleon,2003-02-06,Female,Nairobi,2018-05-07
90,Sergio,Houston,2003-04-21,Male,Kisumu,2022-05-09
91,Julie,Welch,1973-02-12,Female,Nyeri,2019-02-05
92,Alice,White,1979-09-18,Female,Nyeri,2020-07-13
93,Christian,Lopez,1988-11-28,Male,Nairobi,2022-11-27
94,Linda,Jordan,1968-09-27,Female,Nakuru,2021-03-18
95,Pamela,Newman,1966-09-09,Female,Nyeri,2021-02-26
96,Gregory,Obrien,2000-05-02,Male,Eldoret,2022-07-02
97,Robert,Miller,2000-01-07,Male,Mombasa,2019-03-30
98,Kevin,Beard,1986-02-18,Male,Nakuru,2018-03-07
99,David,Watts,1994-05-10,Male,Nyeri,2019-02-24
100,April,Ramirez,2007-10-05,Female,Kisumu,2023-12-28
101,Evelyn,Hickman,1978-08-10,Female,Nakuru,2019-01-27
102,Thomas,Quinn,2006-09-28,Male,Nyeri,2019-02-23
103,John,Meyer,1963-12-04,Male,Kisumu,2018-09-05
104,Justin,Clark,1992-03-10,Male,Nyeri,2022-09-09
105,David,Carr,1987-07-07,Male,Nyeri,2019-08-30
106,Kimberly,Mora,1995-09-03,Female,Nyeri,2020-05-30
107,Danielle,Campbell,1979-12-19,Female,Nairobi,2022-05-21
108,Ashley,Stevens,1988-04-02,Female,Nyeri,2019-12-03
109,Elizabeth,Ellison,1975-12-22,Female,Kisumu,2022-09-02
110,Donald,Johnston,1987-02-07,Male,Nairobi,2018-07-01
111,Barry,Ingram,1991-09-11,Male,Nairobi,2023-04-15
112,Crystal,Werner,1985-07-08,Female,Kisumu,2018-06-15
113,Ruth,Roberts,1967-08-31,Female,Mombasa,2022-04-03
114,Christina,Walter,1965-10-22,Female,Eldoret,2023-03-11
115,Tracy,Moss,1982-12-31,Female,Kisumu,2023-08-15
116,Kayla,Pacheco,1962-05-18,Female,Nyeri,2018-09-25
117,Eric,Brown,1980-11-05,Male,Nyeri,2022-09-09
118,Scott,Robinson,1995-10-06,Male,Eldoret,2023-03-24
119,Christopher,Garcia,1998-01-13,Male,Kisumu,2021-02-21
120,Austin,Flores,1971-10-22,Male,Mombasa,2020-08-03
121,Victoria,Sanchez,1968-03-26,Female,Mombasa,2018-02-03
122,Christopher,Johnson,1974-05-31,Male,Kisumu,2020-03-27
123,Mary,Aguilar,1982-02-14,Female,Kisumu,2021-07-08
124,Amber,Torres,1978-12-07,Female,Nakuru,2023-11-03
125,Alison,Murray,1977-05-22,Female,Mombasa,2022-12-28
126,Jeremy,Wright,2001-09-16,Male,Eldoret,2021-08-16
127,Shane,Nichols,1978-08-17,Male,Nakuru,2022-03-25
128,Christopher,Douglas,1962-08-24,Male,Nakuru,2023-12-20
129,Michael,Serrano,1999-05-02,Male,Kisumu,2023-07-14
130,Victoria,Miller,1995-12-08,Female,Mombasa,2021-03-21
131,Kevin,Camacho,1968-02-02,Male,Nakuru,2023-09-29
132,Andrea,Martin,1996-12-21,Female,Nairobi,2020-07-27
133,Terry,Gardner,1986-09-09,Male,Eldoret,2018-05-28
134,Anthony,Murphy,1969-11-02,Male,Kisumu,2019-02-03
135,John,Harrison,2005-06-23,Male,Nyeri,2023-10-03
136,Benjamin,Nelson,1981-09-27,Male,Nyeri,2018-05-04
137,Autumn,Martinez,1981-09-10,Female,Eldoret,2018-12-17
138,Jodi,Hamilton,2002-03-14,Female,Nyeri,2018-11-19
139,Eric,Rosales,1975-09-01,Male,Eldoret,2022-04-16
140,Brian,Roberts,1982-03-08,Male,Nyeri,2022-03-20
141,Calvin,Larsen,1997-02-03,Male,Nyeri,2020-10-07
142,Timothy,Greer,1992-05-28,Male,Nairobi,2021-05-12
143,Diana,Fisher,1990-09-30,Female,Eldoret,2022-04-13
144,Brian,Gilbert,1962-12-13,Male,Nairobi,2020-11-01
145,Jennifer,Jones,1992-06-07,Female,Nyeri,2021-11-02
146,William,King,1972-11-16,Male,Nakuru,2022-04-07
147,Joseph,Griffin,2005-08-16,Male,Nairobi,2020-09-04
148,Jennifer,Miller,1966-05-10,Female,Eldoret,2019-05-04
149,Bryan,Green,1987-12-14,Male,Mombasa,2021-11-05
150,Jenny,Rollins,1973-02-18,Female,Nyeri,2019-08-01
151,Brenda,Sheppard,1964-07-26,Female,Nyeri,2018-08-08
152,Catherine,Middleton,1982-06-10,Female,Kisumu,2023-02-09
153,Christine,Robinson,2003-03-23,Female,Mombasa,2019-07-17
154,Karina,Bowman,1977-11-22,Female,Nyeri,2020-06-18
155,Meghan,Fernandez,1974-10-03,Female,Mombasa,2020-12-13
156,Michelle,Nguyen,1970-11-14,Female,Kisumu,2018-04-18
157,Kristen,Fox,1997-01-24,Female,Eldoret,2022-09-27
158,Jason,Jones,2002-03-08,Male,Kisumu,2020-08-25
159,Christina,Mccoy,1973-07-17,Female,Nakuru,2018-01-10
160,Kelli,Gonzalez,1987-06-11,Female,Mombasa,2018-08-01
161,Jason,Smith,1970-06-27,Male,Kisumu,2022-04-21
162,Bobby,Patterson,1974-09-22,Male,Nyeri,2023-06-11
163,Kirk,Garcia,1986-01-03,Male,Nyeri,2019-03-11
164,Patrick,Lin,2004-01-20,Male,Eldoret,2021-05-04
165,Jennifer,Mendoza,1997-02-27,Female,Eldoret,2023-03-10
166,Bryan,Gregory,1975-01-26,Male,Kisumu,2022-03-12
167,Katie,Brown,2001-02-14,Female,Nairobi,2021-09-05
168,Caleb,Huffman,1965-05-04,Male,Mombasa,2020-10-21
169,Curtis,Gilmore,1978-08-13,Male,Kisumu,2018-08-09
170,Sean,Larson,1995-03-09,Male,Nyeri,2022-07-28
171,Sarah,Day,1980-10-07,Female,Nairobi,2023-04-17
172,Matthew,Henderson,1994-01-16,Male,Mombasa,2018-10-04
173,Sandra,Lee,1973-03-20,Female,Nairobi,2021-07-27
174,Kevin,Gentry,2005-01-15,Male,Kisumu,2023-04-26
175,Mark,Mercer,1998-01-18,Male,Eldoret,2020-10-28
176,Robert,Freeman,1968-03-17,Male,Nakuru,2018-03-30
177,Jonathan,Vance,1991-10-04,Male,Kisumu,2023-09-30
178,Timothy,Martin,1966-07-05,Male,Nyeri,2022-05-05
179,Andrew,Davis,1974-05-11,Male,Eldoret,2018-02-23
180,Mary,Davis,1988-05-27,Female,Nyeri,2022-04-21
181,Jordan,Pena,1985-05-29,Male,Nairobi,2023-03-24
182,Michelle,Bernard,1995-01-05,Female,Nyeri,2021-01-31
183,Lisa,Moody,1986-05-19,Female,Nakuru,2022-05-17
184,Kerry,Walton,1974-08-09,Female,Nakuru,2022-08-20
185,Victoria,Donaldson,2002-10-21,Female,Mombasa,2020-02-20
186,Justin,Henderson,2005-11-25,Male,Nakuru,2018-08-01
187,Bryan,Bowen,1970-03-17,Male,Mombasa,2021-11-29
188,Jennifer,Reid,1999-04-12,Female,Eldoret,2019-11-26
189,Elizabeth,Taylor,2007-03-06,Female,Kisumu,2023-07-05
190,Rachel,Thompson,1966-01-10,Female,Kisumu,2018-01-15
191,Jennifer,Simon,2004-03-29,Female,Nairobi,2018-04-15
192,Kenneth,Reynolds,1987-09-24,Male,Mombasa,2023-02-03
193,Donald,Griffin,1983-02-17,Male,Kisumu,2021-07-25
194,Laura,Cross,1991-08-20,Female,Eldoret,2023-03-18
195,Joseph,Brown,1988-07-31,Male,Nakuru,2018-05-22
196,David,Hardy,1963-06-02,Male,Kisumu,2019-07-23
197,Jennifer,Harris,1982-03-13,Female,Eldoret,2019-01-08
198,Matthew,Wright,1993-11-26,Male,Nairobi,2018-09-06
199,Timothy,Ryan,1984-03-05,Male,Eldoret,2020-10-08
200,Rebecca,Blackburn,1961-11-09,Female,Nairobi,2022-11-19
201,Anthony,Brown,1993-11-21,Male,Nairobi,2020-12-12
202,David,West,2002-03-18,Male,Kisumu,2021-12-08
203,Brenda,Harrison,1978-09-26,Female,Kisumu,2023-09-26
204,Kimberly,Smith,1971-01-13,Female,Nairobi,2021-07-09
205,Shawn,Burke,2000-01-29,Male,Nakuru,2018-11-14
206,Sydney,Poole,2003-02-20,Female,Nyeri,2023-06-12
207,Sarah,Watson,1968-12-22,Female,Mombasa,2023-06-21
208,Nichole,Mckee,1977-07-17,Female,Nyeri,2022-11-07
209,Katie,Keller,1971-07-27,Female,Eldoret,2018-01-20
210,Rick,Patterson,1971-07-22,Male,Mombasa,2018-06-21
211,Sheryl,Randolph,1995-01-16,Female,Mombasa,2019-12-19
212,Louis,Pearson,1994-01-13,Male,Nakuru,2022-10-02
213,Jennifer,Mcmahon,1967-11-01,Female,Kisumu,2020-04-12
214,Peggy,Garza,1993-12-09,Female,Nyeri,2023-10-30
215,Sandra,Harrison,1964-09-07,Female,Mombasa,2019-08-15
216,Richard,Shepherd,1975-10-19,Male,Nyeri,2022-09-17
217,Angelica,Burton,1987-10-12,Female,Nakuru,2020-05-06
218,Seth,Mann,2003-02-03,Male,Mombasa,2023-01-09
219,Christopher,Hebert,1976-01-10,Male,Eldoret,2020-02-16
220,Veronica,Russell,1971-10-07,Female,Eldoret,2021-03-11
221,Dustin,Long,1998-11-30,Male,Nairobi,2020-10-25
222,William,Becker,1965-06-07,Male,Nairobi,2020-07-16
223,Donald,Murphy,1974-02-11,Male,Mombasa,2023-11-27
224,Dean,Crawford,2006-03-28,Male,Nakuru,2023-01-28
225,April,Nelson,1985-10-28,Female,Mombasa,2019-06-13
226,Kristi,Cordova,2001-08-23,Female,Kisumu,2020-07-28
227,Jeffrey,Neal,1987-04-24,Male,Kisumu,2021-11-05
228,Kathy,Ward,1999-05-08,Female,Nyeri,2023-03-09
229,Micheal,Sharp,1965-12-30,Male,Mombasa,2023-07-07
230,Tammy,Carson,1967-04-19,Female,Nyeri,2023-11-30
231,Kevin,Hawkins,1996-03-12,Male,Eldoret,2022-08-15
232,Sean,Wilkerson,1986-04-09,Male,Nairobi,2020-03-03
233,Jonathan,Gordon,1987-03-28,Male,Nakuru,2018-02-17
234,Hunter,Evans,1975-01-02,Male,Kisumu,2023-11-14
235,Anna,Mccann,1979-11-12,Female,Eldoret,2020-07-24
236,Alan,Leach,1987-05-17,Male,Nyeri,2020-10-07
237,Timothy,Burgess,2006-12-16,Male,Kisumu,2020-09-02
238,Roy,Mills,1998-04-29,Male,Mombasa,2018-08-14
239,Angel,Anderson,1994-10-17,Female,Mombasa,2019-08-22
240,Robert,Johnson,1990-06-11,Male,Mombasa,2022-09-30
241,Christopher,Kane,1972-06-14,Male,Nakuru,2023-02-07
242,Christina,Williams,1986-09-10,Female,Mombasa,2018-05-09
243,Joseph,Flores,1964-03-04,Male,Kisumu,2018-03-21
244,Adam,Miles,1970-12-30,Male,Eldoret,2022-08-15
245,Tom,Martin,1998-05-18,Male,Mombasa,2022-01-19
246,James,Anderson,1987-05-22,Male,Nairobi,2023-04-12
247,Brenda,Day,1997-03-12,Female,Mombasa,2018-02-11
248,Todd,Willis,2001-01-26,Male,Nairobi,2018-03-20
249,Laura,French,1983-10-17,Female,Nyeri,2021-09-24
250,John,Johnson,1975-06-21,Male,Nairobi,2022-04-06
251,Jacqueline,Yates,1991-09-18,Female,Nyeri,2019-06-28
252,Robert,Cox,1972-11-22,Male,Kisumu,2018-10-29
253,Jaime,Johnson,2001-08-06,Female,Kisumu,2020-06-25
254,Taylor,Martinez,1993-06-24,Female,Kisumu,2019-04-18
255,Austin,Perez,1963-02-14,Male,Nyeri,2018-09-04
256,Craig,Stout,2004-04-30,Male,Nairobi,2022-03-05
257,Frederick,Gibbs,1969-07-20,Male,Kisumu,2022-09-20
258,Bonnie,Gray,1977-11-08,Female,Eldoret,2019-12-07
259,Lance,Clark,1971-02-13,Male,Eldoret,2019-01-25
260,Anthony,Sharp,1993-10-04,Male,Mombasa,2023-09-14
261,Eric,Morgan,1967-07-29,Male,Nyeri,2018-12-11
262,Cynthia,Holloway,2000-06-15,Female,Kisumu,2020-11-13
263,Sean,Williams,2000-04-14,Male,Eldoret,2023-07-19
264,Andrew,Floyd,1971-08-02,Male,Nairobi,2018-10-22
265,Robert,Foster,1980-01-25,Male,Nairobi,2021-11-09
266,William,Lopez,1969-06-04,Male,Eldoret,2022-02-14
267,Brian,Stewart,1995-02-10,Male,Nakuru,2023-04-08
268,Stephanie,Garza,1971-04-26,Female,Nyeri,2022-05-11
269,Jessica,Turner,1987-06-13,Female,Nyeri,2022-07-15
270,Matthew,Gonzalez,1977-07-06,Male,Nyeri,2022-07-15
271,Lindsey,King,1995-10-26,Female,Nairobi,2021-02-10
272,Ryan,Chavez,2004-08-08,Male,Nyeri,2018-06-04
273,Paul,Garcia,1994-01-21,Male,Eldoret,2019-06-10
274,Oscar,Smith,1979-07-27,Male,Eldoret,2022-05-07
275,Megan,Villanueva,1984-06-17,Female,Nyeri,2019-07-17
276,Donna,Phillips,1987-02-18,Female,Nyeri,2021-07-28
277,Ashley,Padilla,1980-08-19,Female,Nyeri,2018-06-13
278,Christopher,Wallace,1999-08-12,Male,Nyeri,2018-03-10
279,Roger,Simmons,1997-07-13,Male,Nairobi,2021-01-16
280,Sharon,White,1968-07-04,Female,Nairobi,2019-12-16
281,Elizabeth,English,1983-03-20,Female,Kisumu,2022-11-16
282,Christopher,Novak,1974-05-29,Male,Kisumu,2023-05-09
283,Eric,Bowman,1999-11-26,Male,Nyeri,2018-09-04
284,Amy,Johnson,1972-03-31,Female,Nairobi,2021-06-07
285,Omar,Terry,1984-01-02,Male,Eldoret,2023-12-17
286,Victor,Pollard,1981-11-06,Male,Nyeri,2020-04-02
287,Keith,Jones,1969-07-16,Male,Mombasa,2019-05-09
288,Andrea,Robinson,1997-06-18,Female,Nakuru,2022-02-04
289,James,Chapman,1977-06-18,Male,Eldoret,2019-10-22
290,Stephen,Davis,1985-10-03,Male,Nyeri,2018-05-23
291,Jennifer,Owens,1978-01-05,Female,Kisumu,2020-06-06
292,Megan,Miller,1974-12-31,Female,Nyeri,2022-04-17
293,Anthony,Brady,1975-12-20,Male,Nyeri,2020-12-03
294,Lauren,Hines,1967-08-01,Female,Eldoret,2023-10-15
295,Anna,Lewis,1982-03-29,Female,Kisumu,2019-09-09
296,Laura,Miller,1990-08-09,Female,Eldoret,2021-08-02
297,Andrew,Benitez,1986-02-21,Male,Nairobi,2021-05-18
298,Michele,Sharp,1972-06-06,Female,Nakuru,2023-01-05
299,Andrea,Price,1963-04-27,Female,Nakuru,2023-03-25
300,Brenda,Huff,1999-05-03,Female,Nairobi,2018-08-27
301,Tina,Johnson,1988-12-21,Female,Eldoret,2022-10-21
302,Danny,Frazier,1978-01-09,Male,Nakuru,2022-04-15
303,Jessica,Long,1988-02-24,Female,Kisumu,2022-01-08
304,Brandon,Hoffman,1999-06-22,Male,Eldoret,2023-11-12
305,Aaron,Taylor,1985-11-20,Male,Nairobi,2018-10-27
306,Edward,Martinez,1961-06-14,Male,Kisumu,2019-07-03
307,Shelly,Leonard,1991-11-24,Female,Nyeri,2022-04-07
308,Roger,Chandler,1992-03-18,Male,Nairobi,2021-06-24
309,Tristan,Hess,1976-11-15,Male,Eldoret,2020-01-17
310,Carol,Vasquez,1997-10-11,Female,Nakuru,2022-10-04
311,George,Owen,1965-02-10,Male,Nyeri,2020-08-29
312,Marco,Figueroa,1987-12-29,Male,Nairobi,2018-12-26
313,Anthony,Burton,1964-05-01,Male,Nakuru,2020-11-01
314,Regina,Daugherty,1969-10-16,Female,Nairobi,2022-06-19
315,Allison,Kim,1972-11-30,Female,Kisumu,2018-05-03
316,Kyle,Reed,1971-09-28,Male,Eldoret,2021-06-28
317,Amber,Wallace,1982-11-24,Female,Kisumu,2023-07-31
318,Becky,Scott,1965-09-27,Female,Kisumu,2019-02-23
319,Ashley,Palmer,2001-12-16,Female,Kisumu,2022-06-12
320,Lisa,Williams,2005-07-02,Female,Nyeri,2018-09-08
321,Patrick,Hutchinson,1991-08-01,Male,Eldoret,2022-02-26
322,Nicole,Parker,1998-05-31,Female,Kisumu,2018-04-29
323,Elizabeth,Clark,2004-10-06,Female,Kisumu,2023-01-26
324,Mary,Clark,1969-07-31,Female,Nakuru,2021-11-07
325,Tina,Owen,1988-04-20,Female,Nyeri,2022-07-19
326,Anita,Long,1990-07-03,Female,Nairobi,2019-12-22
327,Kristin,Nolan,1987-09-29,Female,Kisumu,2018-05-16
328,Autumn,Craig,1967-10-07,Female,Eldoret,2023-05-07
329,Lisa,Diaz,1998-05-07,Female,Nakuru,2021-12-11
330,Ronald,Dunn,1979-07-24,Male,Nairobi,2021-12-10
331,Angela,Anderson,1978-04-07,Female,Eldoret,2018-04-16
332,William,Collins,1986-02-18,Male,Nyeri,2020-01-14
333,Teresa,Hartman,1970-08-14,Female,Nakuru,2021-06-01
334,David,Elliott,1974-10-09,Male,Nairobi,2023-04-27
335,Megan,Vasquez,2000-02-24,Female,Nairobi,2022-07-29
336,Melissa,Thomas,1992-07-03,Female,Nyeri,2022-09-13
337,Charles,Cunningham,1988-04-30,Male,Nairobi,2018-04-08
338,Christopher,Williams,1963-11-11,Male,Mombasa,2022-01-27
339,Lauren,Daugherty,1981-02-07,Female,Nairobi,2023-12-07
340,Jennifer,Davila,1981-09-12,Female,Nairobi,2019-02-01
341,Traci,Flynn,1995-03-22,Female,Kisumu,2019-06-29
342,Allen,Brown,2001-11-12,Male,Nyeri,2019-12-08
343,Darin,Brennan,1989-03-29,Male,Nairobi,2021-07-16
344,James,Callahan,1965-11-12,Male,Kisumu,2018-05-03
345,Amber,Blair,1993-01-19,Female,Nakuru,2022-07-07
346,Alexandra,Landry,1966-05-25,Female,Eldoret,2021-06-07
347,Kelly,Harvey,1961-06-15,Female,Mombasa,2020-04-22
348,Susan,Heath,1980-12-04,Female,Eldoret,2023-02-16
349,Jennifer,Clark,1977-09-29,Female,Kisumu,2023-05-25
350,Andre,Coleman,1973-05-27,Male,Eldoret,2020-10-29
351,Ryan,Thompson,1987-09-28,Male,Eldoret,2022-05-21
352,Matthew,Austin,1988-07-03,Male,Eldoret,2021-02-07
353,Amanda,Johnson,1980-11-09,Female,Nyeri,2023-11-15
354,Alyssa,White,1983-07-27,Female,Nairobi,2020-12-13
355,Jonathan,Neal,1985-12-04,Male,Nakuru,2021-03-14
356,Alexander,Simpson,1982-02-05,Male,Nyeri,2023-04-02
357,Christie,Foster,1995-07-03,Female,Nairobi,2019-07-25
358,Meghan,Young,2003-08-09,Female,Nakuru,2018-10-24
359,Christine,Miles,1977-07-27,Female,Eldoret,2019-04-21
360,Victoria,Doyle,1974-11-05,Female,Kisumu,2020-05-08
361,Stephen,Ramirez,1987-09-13,Male,Nairobi,2019-07-01
362,Melissa,Farrell,2003-06-28,Female,Nyeri,2019-05-02
363,Sherry,Mayer,1984-05-26,Female,Nakuru,2019-04-25
364,Patrick,Hart,1966-05-30,Male,Mombasa,2018-10-27
365,Tom,Howe,1962-02-25,Male,Mombasa,2021-09-28
366,Lisa,Smith,1986-10-15,Female,Mombasa,2023-05-22
367,Bonnie,Jordan,1970-10-25,Female,Kisumu,2021-06-22
368,Michael,Hansen,1983-09-19,Male,Nyeri,2020-11-30
369,Kevin,Jackson,1975-12-22,Male,Nairobi,2018-09-23
370,Ashley,Avery,1980-09-26,Female,Nyeri,2022-07-07
371,Taylor,Wilkerson,2006-01-11,Female,Nakuru,2023-06-26
372,Michael,Roberts,2005-04-21,Male,Nyeri,2023-02-19
373,Jason,Reed,1986-10-08,Male,Nakuru,2022-02-01
374,Michael,Robinson,1989-11-21,Male,Kisumu,2022-08-22
375,Sharon,Bradley,1962-02-26,Female,Nairobi,2018-07-11
376,Bruce,Carter,1969-04-07,Male,Nyeri,2018-10-13
377,William,Walton,1965-10-14,Male,Nairobi,2019-08-24
378,Christopher,Hubbard,1984-03-29,Male,Kisumu,2021-09-14
379,Vanessa,Andrews,2005-05-09,Female,Nakuru,2019-07-19
380,Peter,Rodriguez,1981-05-04,Male,Nairobi,2021-06-18
381,Carla,Dorsey,1999-10-04,Female,Nyeri,2019-07-09
382,James,Foster,2005-08-25,Male,Nyeri,2020-04-08
383,David,Moore,1988-07-01,Male,Nairobi,2019-06-20
384,Kevin,Jackson,1979-03-09,Male,Nakuru,2019-09-18
385,Robert,Mcbride,1982-10-29,Male,Nyeri,2019-01-22
386,David,Miller,1996-04-05,Male,Nairobi,2018-10-29
387,Alexander,Benton,1969-07-11,Male,Nairobi,2022-11-04
388,Elizabeth,Marsh,1998-01-01,Female,Nakuru,2019-11-06
389,Amanda,Doyle,1992-06-14,Female,Mombasa,2018-04-07
390,Shelley,Morgan,1998-08-09,Female,Nyeri,2018-04-27
391,Robert,Reed,2001-09-16,Male,Kisumu,2022-06-30
392,William,Willis,2002-12-18,Male,Nairobi,2019-11-27
393,Vincent,Sandoval,1992-07-08,Male,Nyeri,2022-08-22
394,Dawn,Cook,1976-09-03,Female,Eldoret,2020-05-30
395,Michael,Mcdaniel,1982-02-03,Male,Eldoret,2021-03-02
396,Mario,Schwartz,2003-05-12,Male,Nyeri,2023-12-02
397,Miguel,Walker,2001-08-29,Male,Nakuru,2022-01-15
398,Jared,Clark,1998-01-09,Male,Kisumu,2019-12-26
399,Jason,Bell,1965-12-31,Male,Mombasa,2020-02-14
400,Angela,Rogers,1988-06-25,Female,Eldoret,2020-03-21
401,Robert,Powers,1988-06-23,Male,Nyeri,2019-08-31
402,Victoria,Hall,1986-12-26,Female,Eldoret,2023-11-29
403,Meghan,Gonzalez,1961-11-30,Female,Nyeri,2021-01-31
404,Michele,Harris,1986-01-11,Female,Nakuru,2022-01-08
405,Nancy,Long,1969-04-10,Female,Nyeri,2018-08-31
406,Ronald,Clements,2005-05-04,Male,Nyeri,2022-12-21
407,Luis,Johnson,1993-03-14,Male,Mombasa,2022-03-15
408,Madison,Solomon,2006-02-13,Female,Kisumu,2020-03-07
409,Christopher,Petty,1990-11-14,Male,Nyeri,2018-06-24
410,Daniel,Smith,1965-03-23,Male,Eldoret,2020-07-23
411,Gary,Roberts,1998-08-02,Male,Mombasa,2020-10-13
412,John,Fletcher,1972-01-09,Male,Nyeri,2022-02-01
413,Gary,Joyce,1987-11-16,Male,Kisumu,2018-10-24
414,Jason,Baird,2007-02-02,Male,Nakuru,2021-03-31
415,Vincent,Campbell,1969-11-26,Male,Kisumu,2021-02-22
416,Nicholas,Miller,1983-10-17,Male,Nairobi,2019-11-29
417,Jeremiah,Stevens,1967-11-09,Male,Eldoret,2021-02-03
418,Stephanie,Hall,1989-11-18,Female,Mombasa,2018-01-18
419,Tammy,Griffin,1973-09-08,Female,Nairobi,2018-08-21
420,Laura,Hill,2006-09-04,Female,Kisumu,2023-09-28
421,Bethany,Wilson,1979-12-23,Female,Eldoret,2020-04-13
422,Benjamin,Turner,1989-07-24,Male,Kisumu,2020-11-30
423,Eric,Medina,1969-08-31,Male,Nyeri,2023-04-28
424,Manuel,Castaneda,1990-01-28,Male,Eldoret,2018-05-26
425,Sean,Walker,2006-07-31,Male,Nyeri,2018-06-10
426,Jeffrey,Wilson,1998-03-30,Male,Eldoret,2019-07-28
427,Danielle,Cruz,1973-06-04,Female,Nairobi,2018-08-02
428,Maria,Schneider,1992-05-31,Female,Nakuru,2020-11-08
429,Travis,Parker,1983-11-30,Male,Nyeri,2022-11-13
430,Monique,Noble,1966-08-11,Female,Mombasa,2019-07-21
431,Adam,Henry,1995-02-13,Male,Nyeri,2022-02-05
432,Valerie,Hopkins,1995-03-24,Female,Eldoret,2021-03-28
433,Maurice,Watson,1967-02-28,Male,Nairobi,2020-02-13
434,Timothy,Smith,1983-05-29,Male,Nyeri,2021-12-07
435,Katherine,Gomez,1973-02-24,Female,Nakuru,2022-01-29
436,Matthew,Kirk,1987-06-25,Male,Mombasa,2023-01-04
437,Victoria,Jackson,2003-06-24,Female,Mombasa,2018-06-13
438,Jason,Miller,1969-02-04,Male,Kisumu,2023-05-22
439,Katrina,Wolf,1986-06-02,Female,Nakuru,2021-06-26
440,Jill,Bates,1981-01-29,Female,Nairobi,2021-11-15
441,Tiffany,Wells,1993-06-11,Female,Kisumu,2021-07-06
442,Paul,Powell,1970-06-23,Male,Eldoret,2020-09-11
443,Nathaniel,Elliott,2007-02-10,Male,Kisumu,2022-08-06
444,Wanda,Miller,1965-10-16,Female,Nyeri,2020-08-21
445,Lauren,Ryan,1965-12-30,Female,Nyeri,2023-10-08
446,Todd,Adams,1963-09-09,Male,Nakuru,2019-04-19
447,Melanie,Williams,2006-08-30,Female,Kisumu,2019-01-20
448,Lucas,Terry,1988-08-19,Male,Kisumu,2021-08-03
449,Anne,Nixon,2000-01-26,Female,Nairobi,2020-03-25
450,Timothy,Williams,1966-06-06,Male,Kisumu,2023-02-19
451,Rhonda,Gibson,2004-03-25,Female,Nairobi,2022-08-17
452,Angela,Howard,1997-06-11,Female,Mombasa,2022-01-01
453,Steve,Harris,2003-11-13,Male,Nairobi,2018-08-21
454,Ronald,Butler,2006-03-22,Male,Nairobi,2019-07-26
455,Susan,Brown,1967-06-15,Female,Nairobi,2021-05-17
456,Jennifer,Johnston,2000-03-14,Female,Nakuru,2023-01-22
457,Brian,Nguyen,1995-12-26,Male,Eldoret,2018-02-05
458,Jennifer,Arellano,2004-09-16,Female,Eldoret,2018-09-30
459,Heather,Melton,1984-06-27,Female,Nakuru,2019-11-22
460,Mark,Gonzalez,1987-12-07,Male,Nairobi,2019-11-07
461,Luis,Brown,1994-10-07,Male,Eldoret,2020-01-04
462,Kathryn,Erickson,1962-12-29,Female,Nairobi,2021-08-18
463,Brittany,Gonzalez,1970-05-19,Female,Kisumu,2018-02-28
464,Andrew,Lucas,1961-06-11,Male,Mombasa,2020-12-12
465,Gabrielle,Berry,1990-01-23,Female,Nakuru,2018-04-12
466,Steven,Ibarra,1972-03-14,Male,Kisumu,2018-03-22
467,Andrew,Armstrong,1970-03-14,Male,Nairobi,2022-06-25
468,Stacy,Blair,1975-06-14,Female,Nakuru,2021-10-30
469,Jasmine,Gordon,2004-03-21,Female,Nairobi,2021-10-31
470,Allison,Cobb,1986-03-02,Female,Eldoret,2018-07-16
471,Joy,Figueroa,1971-07-31,Female,Nairobi,2019-01-11
472,Dustin,Allen,1968-03-28,Male,Nairobi,2022-10-14
473,Kyle,Lynn,2000-04-02,Male,Mombasa,2019-12-21
474,Chad,Moore,1995-08-12,Male,Kisumu,2022-03-21
475,David,Sanchez,1975-02-15,Male,Nakuru,2021-11-28
476,Sylvia,Wilson,2000-11-05,Female,Nakuru,2021-09-30
477,Cathy,Vaughn,1982-11-08,Female,Nairobi,2023-01-18
478,Zachary,Hall,1999-11-02,Male,Nairobi,2018-09-29
479,Claudia,Figueroa,1996-10-22,Female,Mombasa,2018-05-10
480,Joseph,Hartman,1987-12-02,Male,Kisumu,2019-07-31
481,Elizabeth,Hoover,1970-11-14,Female,Nairobi,2019-07-10
482,Teresa,King,1995-09-14,Female,Nyeri,2023-11-06
483,Samantha,Rojas,1971-09-22,Female,Eldoret,2018-09-17
484,Cynthia,Ross,2003-08-04,Female,Nairobi,2023-08-17
485,Jason,Gray,1966-04-28,Male,Kisumu,2023-08-18
486,Joshua,Bell,1988-02-13,Male,Eldoret,2022-06-02
487,Katherine,Robinson,1991-08-19,Female,Nairobi,2023-08-04
488,Benjamin,Vega,1992-04-26,Male,Nyeri,2021-01-09
489,Michael,Bentley,1998-09-21,Male,Mombasa,2018-09-20
490,Stephanie,Murray,1999-07-12,Female,Nairobi,2018-05-18
491,Brian,Olsen,1986-08-27,Male,Nyeri,2018-08-17
492,Samuel,Gonzalez,1971-10-04,Male,Kisumu,2018-01-05
493,Alexandria,Jones,1976-12-20,Female,Kisumu,2018-10-18
494,Christian,Adams,1980-02-24,Male,Kisumu,2021-05-13
495,Brian,Harrison,2003-06-16,Male,Mombasa,2020-12-09
496,Cheyenne,Johnson,1962-06-18,Female,Nakuru,2019-01-25
497,Jessica,Hall,2004-09-20,Female,Nairobi,2019-02-12
498,John,Richards,1961-04-17,Male,Kisumu,2019-04-01
499,Justin,Scott,1988-10-10,Male,Nakuru,2020-11-19
500,Andrew,Nguyen,1977-04-13,Male,Mombasa,2020-04-04
501,Russell,Salazar,1980-01-25,Male,Nakuru,2018-03-20
502,Matthew,Moore,1987-01-03,Male,Nairobi,2019-09-06
503,Carmen,Simmons,2006-12-14,Female,Nairobi,2020-06-26
504,William,Wiley,1995-11-30,Male,Nyeri,2023-03-19
505,Jack,Pruitt,1973-08-28,Male,Nairobi,2021-10-12
506,Gail,Glass,2000-01-29,Female,Nairobi,2018-02-15
507,Shane,Ward,1996-12-31,Male,Nairobi,2021-01-14
508,Kathleen,Jones,1964-08-11,Female,Mombasa,2022-09-11
509,Kevin,Cook,1989-07-28,Male,Nakuru,2019-12-16
510,Alexandra,Smith,1965-12-18,Female,Eldoret,2019-10-06
511,Jonathon,Reed,1981-10-17,Male,Eldoret,2021-01-18
512,Thomas,Nunez,1968-06-03,Male,Kisumu,2018-01-09
513,Ashley,Rangel,2000-04-09,Female,Kisumu,2019-08-20
514,William,Lindsey,1997-01-31,Male,Nyeri,2018-10-03
515,James,Parker,1981-07-03,Male,Nairobi,2020-11-06
516,Candice,Jarvis,1964-04-23,Female,Kisumu,2021-11-08
517,Heather,Phillips,1977-12-07,Female,Mombasa,2023-03-03
518,Penny,Smith,1966-09-12,Female,Nairobi,2019-06-09
519,Donald,Brown,2002-08-20,Male,Eldoret,2018-04-18
520,David,Spencer,2001-10-20,Male,Eldoret,2023-09-21
521,Patrick,Smith,1979-09-09,Male,Eldoret,2020-05-03
522,Janet,Lucas,1995-05-23,Female,Eldoret,2021-10-13
523,Lorraine,Fuller,2001-06-09,Female,Kisumu,2018-07-09
524,Adrienne,Winters,2005-07-31,Female,Eldoret,2022-11-22
525,Joseph,Maldonado,1979-02-01,Male,Eldoret,2021-05-31
526,Ariana,Chavez,2004-10-04,Female,Nairobi,2018-06-27
527,Roy,Anthony,1998-08-11,Male,Nyeri,2018-05-23
528,Sierra,Garcia,2003-12-17,Female,Kisumu,2023-08-21
529,Frank,Reese,1963-09-26,Male,Nairobi,2022-02-08
530,Bonnie,Torres,1986-01-15,Female,Nairobi,2019-02-03
531,Dustin,Mitchell,1990-07-21,Male,Nairobi,2023-04-18
532,Robert,Carroll,1999-09-11,Male,Nairobi,2019-12-20
533,Elijah,Rodriguez,2005-07-12,Male,Nakuru,2020-01-11
534,Morgan,Atkinson,2004-08-30,Female,Nyeri,2022-10-01
535,Amy,Paul,1995-06-13,Female,Nyeri,2020-07-25
536,John,Myers,1994-07-28,Male,Mombasa,2019-12-14
537,Krista,Hansen,2001-08-15,Female,Nyeri,2022-12-28
538,Cynthia,Hess,1965-05-02,Female,Nairobi,2018-01-04
539,Valerie,Hale,1993-01-22,Female,Nairobi,2022-03-13
540,Timothy,Allen,1981-07-15,Male,Kisumu,2020-11-17
541,David,Ingram,1961-10-03,Male,Mombasa,2021-01-15
542,Rhonda,Bell,1995-05-27,Female,Mombasa,2020-06-12
543,James,Morris,1985-12-25,Male,Eldoret,2023-01-21
544,Pamela,Olson,2002-06-10,Female,Mombasa,2018-02-11
545,Angelica,Bonilla,1985-10-16,Female,Mombasa,2022-04-29
546,Kelly,Sexton,2007-02-05,Female,Nairobi,2021-07-01
547,Adrienne,Ellis,1998-08-08,Female,Nyeri,2021-07-17
548,Cody,Hughes,2004-06-06,Male,Nakuru,2020-05-15
549,Madison,Rocha,1992-12-02,Female,Mombasa,2022-10-10
550,Maria,Walls,1998-08-23,Female,Nyeri,2021-03-03
551,Alec,Greer,1982-08-28,Male,Nakuru,2018-02-04
552,Jo,Beard,1967-07-08,Female,Eldoret,2023-01-27
553,Julie,Andrade,1996-05-10,Female,Nakuru,2020-04-29
554,Lisa,Dominguez,1977-05-30,Female,Mombasa,2019-05-25
555,Michael,Nichols,1995-08-14,Male,Nyeri,2021-08-18
556,Briana,Rhodes,2000-04-01,Female,Kisumu,2021-03-05
557,Robert,Miller,1981-09-23,Male,Nyeri,2022-02-04
558,Sheryl,Lowe,1962-10-01,Female,Nakuru,2018-01-01
559,Amy,Williams,1988-01-06,Female,Nakuru,2023-04-06
560,Jennifer,Sandoval,1984-07-16,Female,Kisumu,2021-02-16
561,Dennis,Martinez,2001-09-21,Male,Nairobi,2019-08-18
562,Jennifer,Dean,2007-09-19,Female,Eldoret,2023-11-26
563,Gregg,Richardson,1987-09-30,Male,Nyeri,2018-01-23
564,Jesus,Weaver,1998-09-07,Male,Nakuru,2023-06-28
565,Chris,Jones,1999-08-01,Male,Nairobi,2021-04-02
566,Amy,Mullen,1972-03-28,Female,Kisumu,2018-08-10
567,Marissa,Rivera,1972-04-30,Female,Kisumu,2019-01-05
568,John,Bauer,1975-09-14,Male,Eldoret,2022-03-02
569,Rachel,Mcgee,1997-04-15,Female,Mombasa,2022-07-30
570,Daniel,Morris,1997-07-29,Male,Nakuru,2023-12-04
571,Scott,Grant,1967-01-06,Male,Nakuru,2023-08-24
572,Ronald,Davis,1968-02-13,Male,Nakuru,2019-02-26
573,Kathleen,Newton,1965-10-31,Female,Nyeri,2023-12-21
574,Ruben,Pitts,1998-03-03,Male,Mombasa,2020-07-03
575,Martin,Powell,1970-08-20,Male,Nairobi,2023-09-27
576,Ricky,Smith,2006-02-27,Male,Eldoret,2022-07-27
577,Carly,Collins,1967-11-25,Female,Mombasa,2022-12-12
578,Wesley,Robbins,2003-08-27,Male,Nyeri,2022-09-19
579,Madison,Hahn,1970-11-24,Female,Mombasa,2018-07-13
580,Leah,Velasquez,1992-07-18,Female,Kisumu,2023-06-10
581,Stephanie,Mcclain,2004-07-28,Female,Nyeri,2022-10-28
582,Patricia,Moreno,1983-12-17,Female,Mombasa,2021-12-13
583,Lindsey,Morris,2003-02-14,Female,Nyeri,2019-07-07
584,Brittney,Blake,1992-02-28,Female,Mombasa,2023-09-14
585,Mary,Sims,1973-01-07,Female,Nakuru,2022-05-28
586,Leah,Richardson,1979-12-06,Female,Nairobi,2020-08-03
587,Heather,Melton,1967-04-11,Female,Kisumu,2021-04-26
588,Anthony,Butler,1983-01-09,Male,Kisumu,2020-09-02
589,Sherri,Johnson,1966-03-31,Female,Eldoret,2018-07-24
590,Mercedes,Ramos,1975-01-03,Female,Kisumu,2018-04-13
591,Cameron,Peterson,1990-09-19,Male,Nairobi,2021-06-28
592,Javier,Marshall,1987-09-25,Male,Nyeri,2020-07-24
593,Lauren,Stanley,1964-06-01,Female,Nakuru,2022-03-29
594,Justin,Williams,2004-07-02,Male,Eldoret,2018-09-14
595,Anthony,Miller,1965-07-22,Male,Mombasa,2023-06-17
596,Jenna,James,1998-09-03,Female,Nairobi,2021-04-10
597,Geoffrey,Mclean,2003-06-21,Male,Nakuru,2021-04-17
598,John,Mason,1975-06-12,Male,Nakuru,2021-01-09
599,Mary,Lee,1987-03-25,Female,Nyeri,2020-09-14
600,John,Campbell,2007-11-15,Male,Nyeri,2019-01-21
601,Tiffany,Green,1987-08-18,Female,Kisumu,2023-08-28
602,Robert,Garner,1969-11-07,Male,Nakuru,2022-05-25
603,John,Ramos,1972-08-13,Male,Nyeri,2022-11-02
604,Tammy,Pollard,1997-05-28,Female,Eldoret,2020-04-15
605,Jeffrey,Hoffman,1976-07-08,Male,Nakuru,2023-04-06
606,John,Kirk,1973-07-07,Male,Nairobi,2020-02-01
607,Mark,Hall,1966-03-23,Male,Nairobi,2021-08-19
608,Bryan,Spears,1995-04-04,Male,Eldoret,2018-06-13
609,Christina,Bruce,1962-11-12,Female,Nakuru,2021-01-20
610,Jonathan,Payne,1980-12-15,Male,Mombasa,2020-08-05
611,Cristian,West,1998-10-19,Male,Nakuru,2023-08-05
612,Kathryn,Evans,1989-08-01,Female,Nyeri,2019-05-06
613,Connor,Stanley,1971-10-04,Male,Eldoret,2022-04-01
614,Amanda,Wells,2006-10-07,Female,Nairobi,2021-03-01
615,Gregory,Brooks,1976-08-09,Male,Nyeri,2023-08-26
616,Alexis,Tapia,1983-02-17,Female,Kisumu,2019-01-26
617,Christopher,Torres,2006-01-17,Male,Nyeri,2023-08-04
618,April,Burton,1961-11-21,Female,Nairobi,2020-05-06
619,Paula,Mcdonald,1991-08-10,Female,Nyeri,2023-11-28
620,Adrian,Gilmore,1991-12-17,Male,Nakuru,2020-07-25
621,Omar,Aguilar,1964-01-18,Male,Kisumu,2019-03-27
622,Krystal,Smith,1977-06-12,Female,Nyeri,2019-01-25
623,Kyle,Bishop,1999-01-07,Male,Mombasa,2020-01-14
624,Lisa,Hernandez,1965-11-29,Female,Nairobi,2018-07-12
625,Joseph,Newton,1964-03-24,Male,Nairobi,2023-05-07
626,Diane,Hale,1976-04-17,Female,Kisumu,2021-11-18
627,Theodore,Harris,1978-03-11,Male,Nakuru,2021-09-21
628,Scott,Christensen,1989-01-06,Male,Nyeri,2021-04-03
629,Catherine,Rivas,1993-02-01,Female,Mombasa,2019-02-11
630,Nicole,Young,1985-02-18,Female,Nairobi,2020-04-01
631,Brad,Jackson,1989-06-08,Male,Eldoret,2018-12-06
632,Timothy,Patton,1976-07-22,Male,Nairobi,2020-10-27
633,Ann,Glover,1976-06-19,Female,Nairobi,2021-07-06
634,Anne,Campbell,1962-10-16,Female,Nyeri,2019-12-20
635,Brandy,Campbell,1970-06-13,Female,Eldoret,2021-04-08
636,William,Rios,2007-04-22,Male,Mombasa,2020-10-29
637,Mark,Jackson,1995-04-07,Male,Nairobi,2022-11-23
638,Amy,Brown,1987-11-10,Female,Nakuru,2023-06-14
639,Anna,Fernandez,1984-08-23,Female,Kisumu,2019-02-23
640,Michelle,Armstrong,1988-10-12,Female,Eldoret,2021-10-03
641,James,Reynolds,1993-06-04,Male,Kisumu,2023-01-11
642,Charles,Reese,1966-05-01,Male,Eldoret,2019-12-27
643,Matthew,Wallace,1985-07-05,Male,Kisumu,2020-11-27
644,Erin,Valencia,2003-11-14,Female,Kisumu,2022-08-15
645,Melissa,Hall,1994-03-25,Female,Nairobi,2018-09-24
646,Barbara,Johns,1973-07-26,Female,Nairobi,2022-04-01
647,Jeffrey,Lawrence,1991-05-31,Male,Mombasa,2019-11-18
648,Craig,Glenn,1981-05-13,Male,Nairobi,2022-06-20
649,Alexandra,Robinson,1992-02-22,Female,Mombasa,2021-02-16
650,Crystal,King,1976-08-08,Female,Nyeri,2020-09-20
651,Christina,Dixon,1986-07-05,Female,Nakuru,2020-02-01
652,Joseph,Williams,1961-07-31,Male,Nyeri,2018-08-18
653,Paul,Pearson,1995-10-20,Male,Eldoret,2018-10-31
654,Tonya,Martin,1968-09-17,Female,Nairobi,2022-04-25
655,Michelle,Doyle,2000-06-28,Female,Nyeri,2022-04-20
656,Ralph,Carroll,2003-05-14,Male,Nyeri,2020-05-02
657,Michael,Dixon,1978-06-04,Male,Eldoret,2023-07-13
658,Mark,Barker,1972-11-12,Male,Eldoret,2021-09-18
659,Chad,Richards,1996-12-12,Male,Eldoret,2020-08-06
660,Kimberly,Turner,1996-01-09,Female,Nyeri,2023-07-02
661,Randy,Shaw,1979-09-07,Male,Mombasa,2019-10-08
662,Christopher,Salinas,1979-03-19,Male,Nakuru,2020-10-31
663,Brian,Barrett,2005-08-21,Male,Eldoret,2019-04-14
664,Maria,Flynn,1972-03-19,Female,Mombasa,2022-11-17
665,Kimberly,Atkins,1999-05-23,Female,Mombasa,2018-01-23
666,Kevin,Sellers,1994-10-08,Male,Mombasa,2022-10-31
667,Christopher,Murray,1984-09-19,Male,Kisumu,2022-11-16
668,Leroy,Rice,1996-07-30,Male,Eldoret,2020-09-04
669,Dean,Love,1981-09-12,Male,Nairobi,2022-01-19
670,Darlene,Silva,1987-11-07,Female,Nakuru,2018-10-06
671,Jose,Todd,2004-01-25,Male,Nairobi,2021-12-11
672,Heidi,Dunlap,1988-05-19,Female,Nairobi,2023-06-19
673,Aaron,Gutierrez,1990-02-12,Male,Nyeri,2021-10-29
674,Lisa,Ward,1995-12-31,Female,Nakuru,2021-01-07
675,Janice,Sanchez,1994-04-30,Female,Kisumu,2022-01-23
676,Crystal,Harrison,1977-03-11,Female,Nairobi,2021-03-04
677,Rebecca,Lewis,1983-06-26,Female,Mombasa,2019-10-27
678,Charlotte,Wilson,2007-11-27,Female,Nakuru,2018-09-30
679,Shelby,Cruz,1992-01-27,Female,Eldoret,2023-03-02
680,Amber,Johnson,1976-03-07,Female,Nairobi,2020-10-20
681,Michelle,Cohen,1970-12-23,Female,Nakuru,2022-09-17
682,Jon,Williams,1987-08-20,Male,Nakuru,2021-02-04
683,Christopher,Scott,1981-09-11,Male,Nakuru,2023-09-09
684,Laurie,Contreras,1962-08-12,Female,Nairobi,2023-11-10
685,Robert,Hines,1977-12-19,Male,Mombasa,2021-03-19
686,Sylvia,Mueller,1994-05-18,Female,Eldoret,2021-04-23
687,Katelyn,King,1990-11-22,Female,Nairobi,2019-10-13
688,Paul,Sanders,1980-03-22,Male,Eldoret,2022-11-28
689,Christine,Combs,1987-10-28,Female,Kisumu,2018-11-08
690,Brandon,Andrews,1978-10-06,Male,Nairobi,2022-01-30
691,Colin,Eaton,1962-04-11,Male,Kisumu,2018-03-13
692,Henry,Blanchard,1968-09-05,Male,Kisumu,2020-05-22
693,Seth,Perez,1982-09-12,Male,Nakuru,2022-10-31
694,Brian,Turner,1964-03-03,Male,Eldoret,2018-03-08
695,Charles,Carter,2005-02-20,Male,Mombasa,2019-10-27
696,John,Cox,1977-01-13,Male,Nairobi,2022-08-26
697,Brett,Jimenez,1983-01-07,Male,Mombasa,2018-04-21
698,Lauren,David,1961-02-09,Female,Eldoret,2021-07-28
699,Brian,Bradley,1999-07-05,Male,Kisumu,2018-03-01
700,Harold,Elliott,1979-05-15,Male,Kisumu,2023-03-17
701,David,Case,1989-08-18,Male,Mombasa,2019-07-31
702,Cynthia,Cole,1967-03-02,Female,Nairobi,2019-08-10
703,Bradley,Vasquez,1992-12-08,Male,Nairobi,2021-01-10
704,Whitney,Preston,2000-11-05,Female,Kisumu,2019-12-25
705,Jeffrey,Griffith,1975-11-12,Male,Nyeri,2020-10-16
706,Christina,Shields,1994-04-23,Female,Nyeri,2020-11-08
707,Christy,Erickson,1986-09-12,Female,Nairobi,2020-12-30
708,Michael,Baldwin,1985-10-07,Male,Mombasa,2018-10-01
709,Matthew,Burke,1997-02-07,Male,Nairobi,2018-02-10
710,Jacob,Smith,1979-09-09,Male,Mombasa,2022-04-02
711,Pam,Simpson,1963-01-29,Female,Mombasa,2018-03-14
712,Erica,Bell,1993-09-08,Female,Nyeri,2022-06-13
713,Jacob,Williams,1989-08-07,Male,Mombasa,2021-11-06
714,Chad,Brooks,2000-09-23,Male,Nairobi,2022-09-11
715,Christine,Owens,2003-11-22,Female,Eldoret,2022-06-22
716,Lisa,Turner,1974-01-19,Female,Mombasa,2019-04-18
717,Sandra,Bradley,1982-05-08,Female,Kisumu,2018-03-21
718,Chase,Hicks,1975-10-20,Male,Nyeri,2018-06-22
719,Leslie,Martinez,1983-12-18,Female,Nyeri,2023-09-13
720,Lauren,Castaneda,1978-05-24,Female,Eldoret,2020-07-13
721,Bradley,Chan,1996-03-15,Male,Kisumu,2018-07-14
722,Kristina,Quinn,1978-08-31,Female,Nyeri,2022-04-15
723,Roy,Gonzalez,1989-04-07,Male,Nairobi,2019-05-21
724,Clifford,Kane,1987-02-28,Male,Eldoret,2023-07-27
725,Gina,Hughes,1974-09-23,Female,Mombasa,2021-07-28
726,Diana,James,1962-01-23,Female,Nyeri,2021-12-24
727,Wayne,Jones,2002-06-20,Male,Mombasa,2022-05-13
728,Larry,Kennedy,1995-02-20,Male,Eldoret,2022-06-01
729,Catherine,Jimenez,1993-01-30,Female,Eldoret,2018-04-03
730,Edward,May,1981-12-27,Male,Nakuru,2018-12-08
731,Robert,Davis,1972-10-02,Male,Eldoret,2019-11-30
732,Karen,Johnson,1962-06-07,Female,Mombasa,2023-11-13
733,Calvin,Cox,1966-10-11,Male,Kisumu,2019-03-31
734,Lisa,Wu,1998-04-15,Female,Eldoret,2021-06-26
735,Chase,Juarez,2004-06-06,Male,Eldoret,2020-06-15
736,Ray,Palmer,1966-05-19,Male,Mombasa,2019-02-13
737,Larry,Hill,1990-04-23,Male,Nairobi,2018-08-20
738,Michael,Bernard,1987-07-15,Male,Eldoret,2022-05-30
739,Micheal,Rodriguez,1985-05-12,Male,Nyeri,2019-03-10
740,Thomas,Johnson,1996-05-30,Male,Nakuru,2022-09-04
741,Jennifer,Hernandez,1982-02-17,Female,Kisumu,2018-05-20
742,Timothy,Thomas,1984-08-04,Male,Eldoret,2021-12-04
743,Kristen,Brown,1990-08-19,Female,Nyeri,2023-11-27
744,Diana,Green,1980-06-27,Female,Nakuru,2022-09-15
745,Andrew,Rodriguez,2005-02-13,Male,Kisumu,2022-01-18
746,Debbie,Stewart,1988-05-19,Female,Nakuru,2021-05-04
747,James,Floyd,1991-08-11,Male,Mombasa,2022-11-30
748,Dale,Sawyer,1961-09-10,Male,Nyeri,2021-03-03
749,Dustin,Williams,1984-04-03,Male,Nairobi,2021-12-14
750,Kenneth,Phillips,1978-01-09,Male,Nairobi,2020-06-13
751,Bradley,Campos,1965-09-07,Male,Nyeri,2022-02-08
752,Kimberly,Gill,1963-06-05,Female,Eldoret,2018-08-31
753,Jennifer,White,1982-06-15,Female,Eldoret,2021-10-27
754,Daniel,Villanueva,1987-08-05,Male,Kisumu,2018-03-14
755,Ashley,Griffin,1970-05-04,Female,Nyeri,2022-11-11
756,Julie,Carter,1968-02-27,Female,Nairobi,2019-05-28
757,Christopher,Bryan,2003-06-24,Male,Eldoret,2021-03-27
758,Kimberly,Armstrong,2000-02-12,Female,Mombasa,2021-05-07
759,Stacy,Herman,1983-12-12,Female,Mombasa,2018-11-05
760,Heidi,Best,1978-10-15,Female,Mombasa,2021-03-29
761,Heidi,Torres,2004-04-19,Female,Eldoret,2023-03-04
762,Jacob,Parker,1994-01-02,Male,Nyeri,2022-05-09
763,Paul,Martinez,1987-06-24,Male,Eldoret,2019-01-04
764,David,Watkins,1999-09-05,Male,Kisumu,2020-04-01
765,Michael,Jenkins,1971-03-21,Male,Eldoret,2023-09-07
766,Elizabeth,Vasquez,1998-08-16,Female,Nairobi,2021-06-08
767,Hunter,Coleman,2007-07-08,Male,Eldoret,2018-04-07
768,Erika,Espinoza,1980-12-25,Female,Nakuru,2019-07-16
769,Tanya,Ward,1994-04-08,Female,Kisumu,2020-09-27
770,William,Vaughn,1977-11-02,Male,Nyeri,2022-07-16
771,Amy,Ortiz,1979-03-28,Female,Kisumu,2018-01-06
772,Jeremy,Villarreal,1972-01-26,Male,Eldoret,2018-08-17
773,Anthony,Russell,1998-03-16,Male,Eldoret,2018-10-29
774,Madison,Barton,2006-01-06,Female,Nakuru,2019-11-02
775,Karen,Morse,1999-01-13,Female,Mombasa,2018-03-30
776,Nicole,Thomas,1996-12-17,Female,Nairobi,2021-10-12
777,Patty,Robinson,1961-11-12,Female,Nakuru,2018-09-09
778,Kayla,Moore,2007-02-08,Female,Nakuru,2020-09-17
779,April,Baird,1979-05-16,Female,Mombasa,2018-07-31
780,Cheryl,Griffith,1988-11-01,Female,Mombasa,2022-10-30
781,Wendy,Kelly,1981-11-07,Female,Kisumu,2021-10-24
782,Paul,Horne,1995-01-19,Male,Nakuru,2022-04-02
783,Christopher,Dixon,1973-07-03,Male,Mombasa,2023-12-20
784,Catherine,Dawson,1966-08-28,Female,Mombasa,2022-02-23
785,Jeffrey,Medina,1972-10-29,Male,Nairobi,2018-01-11
786,Julian,Gardner,1978-04-26,Male,Nakuru,2020-04-01
787,Amanda,Phelps,1973-08-16,Female,Eldoret,2021-08-07
788,James,Manning,1962-11-13,Male,Mombasa,2022-09-16
789,Michelle,Mason,1982-09-08,Female,Kisumu,2021-12-10
790,Daniel,Rivera,2005-12-20,Male,Mombasa,2019-01-13
791,Melissa,Raymond,1971-05-17,Female,Nakuru,2018-05-13
792,Jennifer,Rosario,1975-08-28,Female,Mombasa,2020-11-18
793,Austin,Hale,1991-10-06,Male,Mombasa,2018-12-19
794,Veronica,Acosta,2002-10-23,Female,Mombasa,2019-05-07
795,Kenneth,Taylor,1975-06-22,Male,Mombasa,2023-03-04
796,Scott,Sutton,1964-03-08,Male,Nakuru,2021-07-31
797,Joseph,Mack,1972-11-16,Male,Nakuru,2019-03-07
798,Victoria,Molina,1980-03-09,Female,Kisumu,2021-04-14
799,Brent,Haas,1992-04-06,Male,Nyeri,2018-06-06
800,Stacy,Campbell,1979-06-20,Female,Nairobi,2022-06-23
801,Anthony,Ryan,2006-10-30,Male,Mombasa,2022-10-09
802,Marissa,Sherman,1968-05-17,Female,Nakuru,2018-04-05
803,Katelyn,Carr,2006-10-15,Female,Nairobi,2020-10-20
804,Elizabeth,Suarez,1982-03-13,Female,Nakuru,2021-03-26
805,Christopher,Townsend,2006-10-04,Male,Nakuru,2019-12-04
806,Victor,Williams,1988-06-21,Male,Nairobi,2018-01-17
807,Kathleen,Warner,1975-05-26,Female,Nairobi,2023-09-06
808,Maurice,Parker,1967-09-02,Male,Mombasa,2018-12-02
809,Samuel,Fischer,2002-04-09,Male,Nairobi,2021-09-10
810,Michael,Todd,1989-12-24,Male,Nyeri,2023-10-02
811,Jamie,Hardin,1997-09-21,Female,Eldoret,2020-09-08
812,Tiffany,Hansen,1995-07-08,Female,Eldoret,2018-01-09
813,Christopher,Berry,1966-04-27,Male,Nyeri,2019-01-14
814,Robert,Garza,1970-01-18,Male,Nyeri,2018-06-03
815,Amanda,Howard,1985-03-29,Female,Nyeri,2022-03-05
816,Jeffrey,Chen,1980-10-25,Male,Nairobi,2019-11-17
817,Kurt,Berry,1985-11-03,Male,Nyeri,2018-06-23
818,Michael,Smith,1981-06-25,Male,Mombasa,2020-12-27
819,Timothy,Park,1963-10-14,Male,Nairobi,2020-11-27
820,Rebecca,Fuentes,1978-09-30,Female,Nyeri,2020-09-21
821,Melissa,Davenport,1988-04-17,Female,Eldoret,2022-06-29
822,Mary,Mercado,1966-11-28,Female,Mombasa,2022-08-13
823,Joe,Mcpherson,1964-09-21,Male,Nakuru,2019-07-06
824,Robert,Fernandez,1962-07-09,Male,Kisumu,2018-01-26
825,Thomas,Trujillo,1963-02-09,Male,Nairobi,2018-10-28
826,Michelle,Mullins,1997-03-18,Female,Kisumu,2022-09-01
827,Diana,Patel,1968-05-29,Female,Nyeri,2018-04-24
828,Christopher,Roberts,2001-04-13,Male,Nairobi,2019-12-25
829,Jennifer,Hensley,1980-08-11,Female,Kisumu,2020-11-18
830,Elizabeth,Gillespie,2007-05-31,Female,Nakuru,2021-05-11
831,Eric,Santiago,1994-03-30,Male,Nairobi,2021-03-19
832,James,Ross,1997-10-11,Male,Nairobi,2019-07-02
833,Kaitlin,Robbins,1974-10-20,Female,Nyeri,2018-08-24
834,Jeffrey,Dickerson,1966-09-21,Male,Kisumu,2022-09-26
835,Ann,Burton,1982-03-15,Female,Eldoret,2021-10-14
836,Jennifer,Martinez,1964-01-23,Female,Nyeri,2021-06-27
837,Lisa,Martinez,1976-08-20,Female,Kisumu,2018-01-12
838,William,Sutton,1982-10-17,Male,Eldoret,2023-10-20
839,Daniel,Long,1986-05-07,Male,Nakuru,2020-11-25
840,Debra,Price,1964-08-24,Female,Nakuru,2020-08-28
841,Natasha,Fox,2005-09-19,Female,Mombasa,2019-07-25
842,Sherry,Gray,1983-10-15,Female,Kisumu,2019-04-02
843,John,Macias,1998-01-22,Male,Nakuru,2021-12-27
844,Katie,Hughes,1995-10-04,Female,Eldoret,2018-07-29
845,Joseph,Berg,1964-06-30,Male,Eldoret,2021-07-15
846,Daniel,White,1999-11-30,Male,Mombasa,2023-04-20
847,Vanessa,Pace,1988-04-06,Female,Eldoret,2023-02-06
848,Jonathan,Walters,2001-12-12,Male,Nairobi,2021-10-12
849,Dean,Tanner,1997-04-19,Male,Nakuru,2022-07-23
850,Jessica,Gonzales,1970-10-13,Female,Nakuru,2019-08-31
851,Lee,Mcdonald,1984-07-28,Male,Nakuru,2019-09-30
852,Jennifer,Hicks,1986-06-24,Female,Nakuru,2018-05-30
853,Lawrence,Williams,1988-02-06,Male,Nyeri,2021-05-17
854,William,Copeland,1969-11-19,Male,Nyeri,2020-02-02
855,Jennifer,Torres,1971-05-30,Female,Mombasa,2018-05-05
856,Ronald,Larsen,1978-06-04,Male,Mombasa,2022-03-22
857,Daniel,Young,1989-03-18,Male,Kisumu,2019-07-11
858,Alan,Duffy,1978-02-28,Male,Eldoret,2021-03-29
859,John,Williams,1967-08-28,Male,Kisumu,2021-05-10
860,David,Cherry,1998-12-15,Male,Nairobi,2022-03-16
861,Joann,White,1971-10-09,Female,Nakuru,2021-01-05
862,Barbara,Gonzalez,1992-08-15,Female,Nakuru,2023-02-13
863,Micheal,Thompson,2005-01-11,Male,Nakuru,2020-06-25
864,Lori,Stewart,1973-02-23,Female,Eldoret,2023-10-18
865,Brad,Mcbride,1993-08-03,Male,Nakuru,2018-09-16
866,Briana,Schneider,2004-04-28,Female,Nakuru,2018-07-14
867,John,Reynolds,1987-09-06,Male,Eldoret,2023-10-22
868,Janice,Peterson,1963-01-25,Female,Nakuru,2018-12-21
869,Julie,Schroeder,1991-03-02,Female,Nyeri,2021-02-16
870,Stacey,Davis,2007-02-20,Female,Nairobi,2023-09-06
871,April,Ferguson,1978-12-15,Female,Nyeri,2018-09-16
872,Justin,Garcia,1984-06-24,Male,Nyeri,2022-03-26
873,Jaime,Mullins,1964-03-08,Male,Nakuru,2023-01-02
874,Katie,Novak,2005-03-28,Female,Mombasa,2018-08-23
875,Ann,Johns,1998-04-12,Female,Mombasa,2020-11-17
876,Ronnie,Jones,1973-08-20,Male,Eldoret,2018-12-20
877,Nicholas,Wheeler,1989-04-01,Male,Eldoret,2023-06-10
878,Crystal,Harris,1991-10-24,Female,Nakuru,2022-10-15
879,Jason,Vincent,1986-08-28,Male,Nairobi,2018-01-25
880,Nichole,Winters,1974-02-02,Female,Kisumu,2022-02-28
881,Matthew,Navarro,1995-04-21,Male,Eldoret,2022-01-14
882,Edward,Flowers,1990-07-10,Male,Kisumu,2021-09-05
883,Jennifer,Perez,1977-01-26,Female,Kisumu,2020-11-07
884,Dennis,Ramos,1999-09-30,Male,Mombasa,2022-09-28
885,Vanessa,Taylor,1999-01-18,Female,Nyeri,2022-05-14
886,Raymond,Bryant,1965-12-03,Male,Nairobi,2021-06-17
887,Jill,Morales,1980-08-23,Female,Nakuru,2019-12-11
888,Jennifer,Palmer,1981-05-09,Female,Kisumu,2020-04-20
889,Marcus,Mcclain,1990-10-30,Male,Nairobi,2022-10-24
890,Jennifer,Clarke,1993-08-08,Female,Nairobi,2022-10-28
891,Courtney,Golden,1972-07-16,Female,Kisumu,2021-12-13
892,Barbara,Fuller,1965-12-27,Female,Kisumu,2020-07-24
893,Terri,Goodman,1974-07-06,Female,Mombasa,2023-06-18
894,Carol,Aguirre,1965-01-20,Female,Nairobi,2022-11-07
895,Michael,Howell,1968-11-09,Male,Kisumu,2021-02-10
896,Karen,Bradley,1978-08-12,Female,Nairobi,2022-04-12
897,Cathy,Graham,1997-08-21,Female,Nairobi,2023-03-18
898,Shawn,Le,1961-08-09,Male,Kisumu,2021-02-01
899,Catherine,Hawkins,1983-10-10,Female,Mombasa,2023-03-31
900,Emily,Murphy,1994-06-26,Female,Nairobi,2020-08-10
901,Andrea,Newman,1966-02-15,Female,Eldoret,2021-03-16
902,Ashley,Hammond,1991-04-30,Female,Eldoret,2020-10-28
903,James,Cole,1983-09-12,Male,Nyeri,2019-06-13
904,Ana,Powers,1992-05-08,Female,Mombasa,2022-02-14
905,Isabella,Sweeney,1961-08-11,Female,Nyeri,2023-08-08
906,John,Marquez,1978-10-28,Male,Nyeri,2022-07-31
907,Jessica,Rice,1997-06-25,Female,Eldoret,2021-05-11
908,Levi,Reyes,1972-03-20,Male,Nakuru,2021-03-09
909,Jeffery,Jones,1968-04-18,Male,Kisumu,2019-08-07
910,Denise,Sharp,1977-09-19,Female,Eldoret,2023-03-22
911,Stephanie,Estes,2006-05-10,Female,Kisumu,2020-01-25
912,Jessica,Mckenzie,1988-04-21,Female,Eldoret,2022-10-13
913,Jennifer,Bowman,1988-06-28,Female,Nyeri,2018-12-23
914,Ashley,Smith,2004-05-28,Female,Nairobi,2023-03-08
915,Lisa,Macias,1965-12-29,Female,Nyeri,2023-12-01
916,Margaret,Lewis,1970-01-05,Female,Nairobi,2022-04-04
917,Christine,Payne,1994-11-17,Female,Eldoret,2021-09-20
918,Michael,Thomas,1973-04-18,Male,Nakuru,2019-04-06
919,Tara,Hart,2002-11-03,Female,Nyeri,2018-02-22
920,Carlos,Ford,1974-10-20,Male,Mombasa,2019-11-05
921,Shannon,Larson,2001-05-05,Female,Nyeri,2019-02-07
922,Daniel,Martinez,1989-10-10,Male,Kisumu,2021-04-27
923,Rhonda,Adkins,1969-11-29,Female,Mombasa,2020-06-28
924,Aaron,Smith,2000-12-21,Male,Nakuru,2021-01-10
925,Margaret,Webb,2003-09-09,Female,Nakuru,2019-12-09
926,Gregory,Turner,1989-02-11,Male,Mombasa,2018-01-25
927,Dennis,Knight,1983-07-03,Male,Nairobi,2019-07-17
928,Monica,Hall,2004-06-29,Female,Eldoret,2021-07-01
929,Mason,Downs,1982-12-26,Male,Eldoret,2021-09-10
930,Derrick,Willis,1991-07-30,Male,Eldoret,2019-10-17
931,Kyle,Jones,1982-01-25,Male,Mombasa,2020-07-22
932,Anthony,Ray,1988-01-21,Male,Nyeri,2019-07-21
933,Margaret,Cruz,1987-01-17,Female,Mombasa,2021-08-27
934,Robert,Hardy,2007-11-26,Male,Kisumu,2021-09-14
935,Jeffrey,Reyes,1998-10-19,Male,Eldoret,2020-06-11
936,James,Chaney,2003-04-25,Male,Nyeri,2022-03-13
937,Martha,Mcdaniel,1988-09-04,Female,Nakuru,2023-09-23
938,Veronica,Little,1978-04-05,Female,Nyeri,2018-05-15
939,Elizabeth,Golden,1978-09-23,Female,Nairobi,2019-03-14
940,Stephanie,Phillips,1976-07-20,Female,Kisumu,2023-09-13
941,Heather,Vaughn,1988-04-15,Female,Mombasa,2021-09-19
942,Madison,Harmon,1974-07-05,Female,Kisumu,2018-12-06
943,Anna,Kramer,1981-05-25,Female,Mombasa,2018-09-28
944,James,Park,1962-09-01,Male,Mombasa,2021-07-31
945,Robert,Nichols,1995-07-17,Male,Nakuru,2020-06-29
946,Jake,James,1993-01-16,Male,Nakuru,2021-08-18
947,Justin,Lopez,1971-02-27,Male,Nakuru,2021-02-15
948,Ashley,Martin,1994-07-12,Female,Nairobi,2023-09-25
949,Susan,Scott,1965-05-23,Female,Kisumu,2018-06-25
950,Robert,Waters,2004-12-01,Male,Eldoret,2018-07-01
951,Teresa,Foster,1967-01-08,Female,Kisumu,2021-01-29
952,Edward,Watson,1979-09-06,Male,Nakuru,2022-02-03
953,Raymond,Erickson,1997-08-04,Male,Nairobi,2019-02-26
954,Joseph,Patel,1988-05-20,Male,Nakuru,2022-10-27
955,Laurie,Harrington,2000-05-28,Female,Eldoret,2018-12-12
956,Lee,Johnson,2006-12-07,Male,Eldoret,2020-09-12
957,Joshua,Escobar,2001-02-10,Male,Nairobi,2023-08-10
958,Scott,Hutchinson,1978-09-05,Male,Kisumu,2020-11-20
959,James,Newton,2006-03-03,Male,Eldoret,2020-03-12
960,Terry,Pace,1967-09-29,Male,Kisumu,2020-12-27
961,Brian,Martin,1970-06-28,Male,Eldoret,2019-10-21
962,Kenneth,Roberts,2003-03-28,Male,Mombasa,2019-11-03
963,Robert,Juarez,1979-06-13,Male,Mombasa,2022-04-04
964,Hannah,Hawkins,1990-05-13,Female,Nyeri,2020-09-28
965,Marcus,Martin,1970-11-09,Male,Eldoret,2022-10-25
966,Rebekah,Mclaughlin,2000-08-25,Female,Mombasa,2022-02-15
967,Corey,Walker,1990-01-12,Male,Kisumu,2023-03-14
968,Nicole,Nguyen,1998-12-26,Female,Nyeri,2019-06-07
969,Beth,Aguilar,1967-01-25,Female,Mombasa,2021-07-18
970,Destiny,Jones,1976-02-11,Female,Eldoret,2021-11-14
971,Paul,Bush,1993-12-20,Male,Kisumu,2022-05-31
972,Carmen,Mccall,1985-07-31,Female,Nyeri,2018-02-21
973,Steven,Mitchell,1979-06-20,Male,Kisumu,2019-07-09
974,Laura,Burns,1962-02-05,Female,Eldoret,2021-08-07
975,James,Jacobson,1982-05-29,Male,Mombasa,2022-07-12
976,Jessica,Randall,1971-03-26,Female,Mombasa,2022-12-01
977,Mark,Gill,1972-07-18,Male,Nyeri,2023-08-09
978,Samantha,King,1992-12-13,Female,Kisumu,2018-07-13
979,Sarah,Marshall,1987-04-11,Female,Kisumu,2019-06-10
980,Taylor,Anderson,1990-11-13,Female,Nairobi,2022-12-09
981,Christian,Burnett,1987-08-16,Male,Eldoret,2018-12-09
982,Rita,Jones,1980-03-23,Female,Nairobi,2020-12-13
983,David,Wilson,1982-02-16,Male,Mombasa,2023-06-12
984,Christine,Bright,1989-12-21,Female,Nyeri,2021-11-25
985,David,Matthews,1987-11-08,Male,Nyeri,2018-05-28
986,Yolanda,Robinson,1978-09-08,Female,Nakuru,2022-04-13
987,Eugene,Hammond,1981-08-01,Male,Mombasa,2021-09-01
988,Susan,Ashley,1985-11-23,Female,Nairobi,2022-02-24
989,Amber,Murray,2002-05-13,Female,Nyeri,2021-08-20
990,Frank,Cooper,1998-11-17,Male,Eldoret,2020-08-28
991,Jennifer,Bullock,1978-08-12,Female,Nyeri,2022-12-25
992,Steven,White,1998-11-25,Male,Nyeri,2018-05-14
993,Lisa,Johnson,2001-03-11,Female,Nyeri,2018-07-30
994,Carolyn,Baxter,1993-10-09,Female,Nairobi,2019-11-03
995,Elizabeth,Daniels,1964-09-12,Female,Nakuru,2022-07-01
996,Maria,Page,1985-12-21,Female,Nakuru,2021-01-22
997,Dustin,Griffin,2000-08-28,Male,Mombasa,2018-04-04
998,James,Moore,1984-10-26,Male,Nairobi,2022-10-14
999,Tonya,Saunders,1992-06-30,Female,Nairobi,2020-04-14
1000,Michael,Wells,1970-12-13,Male,Eldoret,2022-03-08
